<?xml version="1.0" encoding="UTF-8"?>
<project-private xmlns="http://www.netbeans.org/ns/project-private/1">
    <editor-bookmarks xmlns="http://www.netbeans.org/ns/editor-bookmarks/2" lastBookmarkId="0"/>
    <open-files xmlns="http://www.netbeans.org/ns/projectui-open-files/2">
        <group>
            <file>file:/home/edi/NetBeansProjects/%5BEDD%5DProyecto2_201503783/</file>
            <file>file:/home/edi/NetBeansProjects/%5BEDD%5DProyecto2_201503783/src/edd/proyecto2_201503783/EDDProyecto2_201503783.java</file>
        </group>
    </open-files>
</project-private>
